student_id,course_id
S01,ART
S01,APLIT
S01,USHIST
S01,ALG2
S01,PHYS
S02,CS
S02,APLIT
S02,GOV
S02,ALG2
S02,BIO
S03,ART
S03,APLIT
S03,USHIST
S03,PRECALC
S03,BIO
S04,MUSIC
S04,APLIT
S04,GOV
S04,ALG2
S04,CHEM
S05,CS
S05,APLIT
S05,USHIST
S05,CALC
S05,CHEM
S05,PHYS
S06,CS
S06,APLIT
S06,USHIST
S06,CALC
S06,PHYS
S07,CS
S07,ENG11
S07,GOV
S07,PRECALC
S07,CHEM
S08,CS
S08,APLIT
S08,USHIST
S08,PRECALC
S08,PHYS
S09,MUSIC
S09,APLIT
S09,GOV
S09,CALC
S09,CHEM
S10,MUSIC
S10,APLIT
S10,USHIST
S10,CALC
S10,BIO
S11,ART
S11,ENG11
S11,GOV
S11,PRECALC
S11,BIO
S12,ART
S12,ENG11
S12,GOV
S12,CALC
S12,CHEM
S13,MUSIC
S13,APLIT
S13,GOV
S13,CALC
S13,CHEM
S14,MUSIC
S14,APLIT
S14,GOV
S14,PRECALC
S14,BIO
S15,CS
S15,ENG11
S15,USHIST
S15,ALG2
S15,PHYS
S16,CS
S16,APLIT
S16,GOV
S16,ALG2
S16,CHEM
S17,CS
S17,APLIT
S17,GOV
S17,CALC
S17,PHYS
S18,CS
S18,APLIT
S18,GOV
S18,ALG2
S18,CHEM
S19,MUSIC
S19,APLIT
S19,GOV
S19,ALG2
S19,CHEM
S20,CS
S20,ENG11
S20,GOV
S20,PRECALC
S20,CHEM
S20,ALG2
S21,CS
S21,ENG11
S21,USHIST
S21,ALG2
S21,CHEM
S22,ART
S22,ENG11
S22,USHIST
S22,ALG2
S22,PHYS
S22,CHEM
S23,MUSIC
S23,APLIT
S23,USHIST
S23,ALG2
S23,CHEM
S24,MUSIC
S24,APLIT
S24,USHIST
S24,CALC
S24,BIO
S25,ART
S25,APLIT
S25,USHIST
S25,PRECALC
S25,PHYS
S25,ENG11
S26,MUSIC
S26,APLIT
S26,GOV
S26,ALG2
S26,PHYS
S27,CS
S27,ENG11
S27,USHIST
S27,PRECALC
S27,BIO
S27,GOV
S28,ART
S28,ENG11
S28,GOV
S28,PRECALC
S28,PHYS
S29,CS
S29,ENG11
S29,GOV
S29,PRECALC
S29,PHYS
S30,ART
S30,ENG11
S30,USHIST
S30,PRECALC
S30,PHYS
S31,MUSIC
S31,ENG11
S31,USHIST
S31,CALC
S31,CHEM
S31,APLIT
S32,MUSIC
S32,ENG11
S32,GOV
S32,CALC
S32,BIO
S33,MUSIC
S33,ENG11
S33,USHIST
S33,CALC
S33,PHYS
S34,MUSIC
S34,ENG11
S34,USHIST
S34,CALC
S34,BIO
S35,CS
S35,APLIT
S35,USHIST
S35,PRECALC
S35,CHEM
S36,ART
S36,APLIT
S36,GOV
S36,PRECALC
S36,CHEM
S37,ART
S37,APLIT
S37,GOV
S37,PRECALC
S37,BIO
S38,MUSIC
S38,APLIT
S38,USHIST
S38,ALG2
S38,BIO
S38,CS
S39,MUSIC
S39,APLIT
S39,GOV
S39,CALC
S39,PHYS
S40,ART
S40,APLIT
S40,USHIST
S40,PRECALC
S40,PHYS
S41,MUSIC
S41,ENG11
S41,USHIST
S41,CALC
S41,PHYS
S42,MUSIC
S42,ENG11
S42,GOV
S42,CALC
S42,CHEM
S43,ART
S43,ENG11
S43,GOV
S43,ALG2
S43,CHEM
S44,MUSIC
S44,ENG11
S44,GOV
S44,CALC
S44,BIO
S45,ART
S45,APLIT
S45,GOV
S45,CALC
S45,BIO
